{"relu": 1.9999999999998903, "network": 1.9999999999998903, "gradient": 1.9999999999998903, "gradient_clip": 1.9999999999998903, "accuracy": 1.9999999999998903, "loss": 1.9999999999998903, "sigmoid": 1.9999999999998903, "learning": 1.9999999999998903, "epoch": 1.9999999999998903, "machine": 1.9999999999998903, "cpu": 1.9999999999998903, "pytorch": 1.9999999999998903, "python": 1.9999999999998903, "batch": 1.9999999999998903, "gpu": 1.9999999999998903, "optimizer": 1.9999999999998903, "descent": 1.9999999999998903, "transformer": 1.9999999999998903, "iteration": 1.9999999999998903, "neural": 1.9999999999998903}